sample_name,accession,LIBRARY_LAYOUT,input
E0.4_INPUT,ftp.sra.ebi.ac.uk/vol1/fastq/SRR030/SRR030270/SRR030270.fastq.gz,SINGLE,NA
E16.20_H3K4Me3_ChIPSeq_1,ftp.sra.ebi.ac.uk/vol1/fastq/SRR030/SRR030271/SRR030271.fastq.gz,SINGLE,
L3_H3K4Me3_ChIPSeq_1,ftp.sra.ebi.ac.uk/vol1/fastq/SRR030/SRR030273/SRR030273.fastq.gz,SINGLE,L3_INPUT
L1_H3K4Me3_ChIPSeq_1,ftp.sra.ebi.ac.uk/vol1/fastq/SRR030/SRR030275/SRR030275.fastq.gz,SINGLE,L1_INPUT
Pupae_H3K4Me3_ChIPSeq_1,ftp.sra.ebi.ac.uk/vol1/fastq/SRR030/SRR030277/SRR030277.fastq.gz,SINGLE,Pupae_INPUT
Pupae_INPUT,ftp.sra.ebi.ac.uk/vol1/fastq/SRR030/SRR030278/SRR030278.fastq.gz,SINGLE,NA
E4.8_INPUT,ftp.sra.ebi.ac.uk/vol1/fastq/SRR030/SRR030288/SRR030288.fastq.gz,SINGLE,NA
E16.20_H3K9Ac_ChIPSeq_1,ftp.sra.ebi.ac.uk/vol1/fastq/SRR030/SRR030290/SRR030290.fastq.gz,SINGLE,
E4.8_H3K9Ac_ChIPSeq_1,ftp.sra.ebi.ac.uk/vol1/fastq/SRR030/SRR030293/SRR030293.fastq.gz,SINGLE,E4.8_INPUT
E0.4_H3K27Ac_ChIPSeq_1,ftp.sra.ebi.ac.uk/vol1/fastq/SRR030/SRR030295/SRR030295.fastq.gz,SINGLE,E0.4_INPUT
E0.4_H3K4Me1_ChIPSeq_1,ftp.sra.ebi.ac.uk/vol1/fastq/SRR030/SRR030297/SRR030297.fastq.gz,SINGLE,E0.4_INPUT
AdultMale_H3K27Ac_ChIPSeq_1,ftp.sra.ebi.ac.uk/vol1/fastq/SRR030/SRR030298/SRR030298.fastq.gz,SINGLE,
AdultMale_H3K4Me1_ChIPSeq_1,ftp.sra.ebi.ac.uk/vol1/fastq/SRR030/SRR030299/SRR030299.fastq.gz,SINGLE,
Pupae_H3K27Ac_ChIPSeq_1,ftp.sra.ebi.ac.uk/vol1/fastq/SRR030/SRR030301/SRR030301.fastq.gz,SINGLE,Pupae_INPUT
L3_H3K9Ac_ChIPSeq_1,ftp.sra.ebi.ac.uk/vol1/fastq/SRR030/SRR030305/SRR030305.fastq.gz,SINGLE,L3_INPUT
L3_H3K4Me1_ChIPSeq_1,ftp.sra.ebi.ac.uk/vol1/fastq/SRR030/SRR030306/SRR030306.fastq.gz,SINGLE,L3_INPUT
L2_H3K9Ac_ChIPSeq_1,ftp.sra.ebi.ac.uk/vol1/fastq/SRR030/SRR030308/SRR030308.fastq.gz,SINGLE,L2_INPUT
L1_H3K9Ac_ChIPSeq_1,ftp.sra.ebi.ac.uk/vol1/fastq/SRR030/SRR030310/SRR030310.fastq.gz,SINGLE,L1_INPUT
AdultMale_CBP_ChIPSeq_1,ftp.sra.ebi.ac.uk/vol1/fastq/SRR030/SRR030315/SRR030315.fastq.gz,SINGLE,
E12.16_CBP_ChIPSeq_1,ftp.sra.ebi.ac.uk/vol1/fastq/SRR030/SRR030317/SRR030317.fastq.gz,SINGLE,
E4.8_CBP_ChIPSeq_1,ftp.sra.ebi.ac.uk/vol1/fastq/SRR030/SRR030319/SRR030319.fastq.gz,SINGLE,
L3_INPUT_CBP,ftp.sra.ebi.ac.uk/vol1/fastq/SRR030/SRR030324/SRR030324.fastq.gz,SINGLE,NA
Pupae_INPUT_CBP,ftp.sra.ebi.ac.uk/vol1/fastq/SRR030/SRR030326/SRR030326.fastq.gz,SINGLE,NA
E16.20_PolII_ChIPSeq_1,ftp.sra.ebi.ac.uk/vol1/fastq/SRR030/SRR030339/SRR030339.fastq.gz,SINGLE,
E12.16_H3K4Me1_ChIPSeq_1,ftp.sra.ebi.ac.uk/vol1/fastq/SRR030/SRR030340/SRR030340.fastq.gz,SINGLE,
E4.8_INPUT_PolII,ftp.sra.ebi.ac.uk/vol1/fastq/SRR030/SRR030345/SRR030345.fastq.gz,SINGLE,NA
L3_INPUT_PolII,ftp.sra.ebi.ac.uk/vol1/fastq/SRR030/SRR030348/SRR030348.fastq.gz,SINGLE,NA
Pupae_INPUT_PolII,ftp.sra.ebi.ac.uk/vol1/fastq/SRR030/SRR030349/SRR030349.fastq.gz,SINGLE,NA
L3_H3K27Me3_ChIPSeq_1,ftp.sra.ebi.ac.uk/vol1/fastq/SRR030/SRR030352/SRR030352.fastq.gz,SINGLE,
L2_H3K27Me3_ChIPSeq_1,ftp.sra.ebi.ac.uk/vol1/fastq/SRR030/SRR030353/SRR030353.fastq.gz,SINGLE,
L1_H3K27Me3_ChIPSeq_1,ftp.sra.ebi.ac.uk/vol1/fastq/SRR030/SRR030354/SRR030354.fastq.gz,SINGLE,
E20.24_H3K27Me3_ChIPSeq_1,ftp.sra.ebi.ac.uk/vol1/fastq/SRR030/SRR030355/SRR030355.fastq.gz,SINGLE,
E0.4_H3K27Me3_ChIPSeq_1,ftp.sra.ebi.ac.uk/vol1/fastq/SRR030/SRR030360/SRR030360.fastq.gz,SINGLE,E0.4_INPUT
Pupae_H3K9Me3_ChIPSeq_1,ftp.sra.ebi.ac.uk/vol1/fastq/SRR030/SRR030361/SRR030361.fastq.gz,SINGLE,Pupae_INPUT
L2_H3K9Me3_ChIPSeq_1,ftp.sra.ebi.ac.uk/vol1/fastq/SRR030/SRR030362/SRR030362.fastq.gz,SINGLE,
E20.24_H3K9Me3_ChIPSeq_1,ftp.sra.ebi.ac.uk/vol1/fastq/SRR030/SRR030364/SRR030364.fastq.gz,SINGLE,
E4.8_H3K9Me3_ChIPSeq_1,ftp.sra.ebi.ac.uk/vol1/fastq/SRR030/SRR030368/SRR030368.fastq.gz,SINGLE,E4.8_INPUT
E0.4_H3K9Me3_ChIPSeq_1,ftp.sra.ebi.ac.uk/vol1/fastq/SRR030/SRR030369/SRR030369.fastq.gz,SINGLE,E0.4_INPUT
E12.16_PolII_ChIPSeq_1,ftp.sra.ebi.ac.uk/vol1/fastq/SRR030/SRR030373/SRR030373.fastq.gz,SINGLE,
L2_INPUT_PolII,ftp.sra.ebi.ac.uk/vol1/fastq/SRR030/SRR030380/SRR030380.fastq.gz,SINGLE,NA
E0.12_HDAC..492..501._INPUT_1,ftp.sra.ebi.ac.uk/vol1/fastq/SRR034/SRR034695/SRR034695.fastq.gz,SINGLE,NA
E0.12_HDAC.493_ChIPSeq_1.and.2,ftp.sra.ebi.ac.uk/vol1/fastq/SRR034/SRR034696/SRR034696.fastq.gz,SINGLE,E0.12_HDAC..492..501._INPUT_1
E0.12_HDAC.497_ChIPSeq_1.and.2,ftp.sra.ebi.ac.uk/vol1/fastq/SRR034/SRR034704/SRR034704.fastq.gz,SINGLE,E0.12_HDAC..492..501._INPUT_1
E0.12_HDAC.498_ChIPSeq_1.and.2,ftp.sra.ebi.ac.uk/vol1/fastq/SRR034/SRR034706/SRR034706.fastq.gz,SINGLE,E0.12_HDAC..492..501._INPUT_1
E0.12_HDAC.501_ChIPSeq_1.and.2,ftp.sra.ebi.ac.uk/vol1/fastq/SRR034/SRR034712/SRR034712.fastq.gz,SINGLE,E0.12_HDAC..492..501._INPUT_1
S2_CTCF200_INPUT_1,ftp.sra.ebi.ac.uk/vol1/fastq/SRR034/SRR034722/SRR034722.fastq.gz,SINGLE,NA
S2_CTCF500_ChIPSeq_1.and.2,ftp.sra.ebi.ac.uk/vol1/fastq/SRR034/SRR034723/SRR034723.fastq.gz,SINGLE,S2_CTCF200_INPUT_1
WPP30.33_EcRGFP_ChIPSeq_1..2.and.3,ftp.sra.ebi.ac.uk/vol1/fastq/SRR034/SRR034726/SRR034726.fastq.gz,SINGLE,WPP30.33_INPUT_3
WPP30.33_INPUT_3,ftp.sra.ebi.ac.uk/vol1/fastq/SRR034/SRR034731/SRR034731.fastq.gz,SINGLE,NA
WPP_INPUT_3,ftp.sra.ebi.ac.uk/vol1/fastq/SRR034/SRR034737/SRR034737.fastq.gz,SINGLE,NA
w3L_7T.cad.GFP._ChIPSeq_1..2.and.3,ftp.sra.ebi.ac.uk/vol1/fastq/SRR034/SRR034738/SRR034738.fastq.gz,SINGLE,
w3L_INPUT_1,ftp.sra.ebi.ac.uk/vol1/fastq/SRR034/SRR034741/SRR034741.fastq.gz,SINGLE,NA
w3L_INPUT_3,ftp.sra.ebi.ac.uk/vol1/fastq/SRR034/SRR034743/SRR034743.fastq.gz,SINGLE,NA
ORC2_ML_DmBG3_c2_1.extraction1_seq1.aliquote.1,ftp.sra.ebi.ac.uk/vol1/fastq/SRR037/SRR037522/SRR037522.fastq.gz,SINGLE,
ORC2_ML_DmBG3_c2_Input_1.extraction3_seq1.aliquote.1,ftp.sra.ebi.ac.uk/vol1/fastq/SRR037/SRR037524/SRR037524.fastq.gz,SINGLE,NA
MCM.S2.July.2010.extraction3_seq1.aliquote.1,ftp.sra.ebi.ac.uk/vol1/fastq/SRR139/SRR139079/SRR139079.fastq.gz,SINGLE,
X24h.Embryo.Orc.ChIP.Seq.extraction3_seq1.aliquote.1,ftp.sra.ebi.ac.uk/vol1/fastq/SRR139/SRR139082/SRR139082.fastq.gz,SINGLE,
X0.24h.Embryo.PolII.ChIP.Seq.extraction2_seq1.aliquote.1,ftp.sra.ebi.ac.uk/vol1/fastq/SRR139/SRR139085/SRR139085.fastq.gz,SINGLE,
X0.24h.Embryo.PolII.ChIP.Seq.extraction3_seq1.aliquote.1,ftp.sra.ebi.ac.uk/vol1/fastq/SRR139/SRR139086/SRR139086.fastq.gz,SINGLE,
SG.Orc.ChIP.Seq.extraction1_seq1.aliquote.1,ftp.sra.ebi.ac.uk/vol1/fastq/SRR139/SRR139088/SRR139088.fastq.gz,SINGLE,
SG.Orc.ChIP.Seq.extraction2_seq1.aliquote.1,ftp.sra.ebi.ac.uk/vol1/fastq/SRR139/SRR139090/SRR139090.fastq.gz,SINGLE,
SG.Orc.ChIP.Seq.extraction2_seq1.aliquote.2,ftp.sra.ebi.ac.uk/vol1/fastq/SRR139/SRR139091/SRR139091.fastq.gz,SINGLE,
X4.7hr.ORC.ChIP.Seq.ChIP.Oregon.R.strain.Replicate.3,ftp.sra.ebi.ac.uk/vol1/fastq/SRR423/SRR423933/SRR423933.fastq.gz,SINGLE,
X4.7hr.PolII.ChIP.Seq.Input.Oregon.R.strain,ftp.sra.ebi.ac.uk/vol1/fastq/SRR423/SRR423935/SRR423935.fastq.gz,SINGLE,NA
X4.7hr.PolII.ChIP.Seq.ChIP.Oregon.R.strain.Replicate.2,ftp.sra.ebi.ac.uk/vol1/fastq/SRR423/SRR423937/SRR423937.fastq.gz,SINGLE,
X0.2hr.Embryo.PolII.Chip.Seq.extraction1_seq1.aliquote.1,ftp.sra.ebi.ac.uk/vol1/fastq/SRR501/SRR501552/SRR501552.fastq.gz,SINGLE,
X0.2hr.Embryo.ORC.Input.extraction1_seq1.aliquote.1,ftp.sra.ebi.ac.uk/vol1/fastq/SRR501/SRR501554/SRR501554.fastq.gz,SINGLE,NA
Cl8.ORC_ChIP.Seq_Input.extraction1_seq1.aliquote.1,ftp.sra.ebi.ac.uk/vol1/fastq/SRR504/SRR504789/SRR504789.fastq.gz,SINGLE,NA
Cl8.ORC_ChIP.Seq_IP1.extraction1_seq1.aliquote.1,ftp.sra.ebi.ac.uk/vol1/fastq/SRR504/SRR504790/SRR504790.fastq.gz,SINGLE,
Cl8.ORC_ChIP.Seq_IP2.extraction2_seq1.aliquote.1,ftp.sra.ebi.ac.uk/vol1/fastq/SRR504/SRR504791/SRR504791.fastq.gz,SINGLE,
Cl8.ORC_ChIP.Seq_IP3.extraction3_seq1.aliquote.1,ftp.sra.ebi.ac.uk/vol1/fastq/SRR504/SRR504792/SRR504792.fastq.gz,SINGLE,
Cl8.PolII_ChipSeq_Input.extraction1_seq1.aliquote.1,ftp.sra.ebi.ac.uk/vol1/fastq/SRR504/SRR504794/SRR504794.fastq.gz,SINGLE,NA
Cl8.PolII_ChipSeq_IP2.extraction2_seq1.aliquote.1,ftp.sra.ebi.ac.uk/vol1/fastq/SRR504/SRR504796/SRR504796.fastq.gz,SINGLE,
KC167.WT.Early.S.phase.Replicate.1.extraction1_seq1.aliquote.1,ftp.sra.ebi.ac.uk/vol1/fastq/SRR586/SRR586004/SRR586004.fastq.gz,SINGLE,
KC167.WT.Mid.Late.S.phase.Replicate.1.extraction3_seq1.aliquote.1,ftp.sra.ebi.ac.uk/vol1/fastq/SRR586/SRR586006/SRR586006.fastq.gz,SINGLE,
KC167.WT.Late.S.phase.Replicate.1.extraction4_seq1.aliquote.1,ftp.sra.ebi.ac.uk/vol1/fastq/SRR586/SRR586007/SRR586007.fastq.gz,SINGLE,
KC167.WT.Mid.Late.S.phase.Replicate.2.extraction7_seq1.aliquote.1,ftp.sra.ebi.ac.uk/vol1/fastq/SRR586/SRR586010/SRR586010.fastq.gz,SINGLE,
E0.4_H3K4Me3_ChIPSeq_1,ftp.sra.ebi.ac.uk/vol1/fastq/SRR030/SRR030269/SRR030269.fastq.gz,SINGLE,E0.4_INPUT
E16.20_INPUT,ftp.sra.ebi.ac.uk/vol1/fastq/SRR030/SRR030272/SRR030272.fastq.gz,SINGLE,NA
AdultMale_INPUT,ftp.sra.ebi.ac.uk/vol1/fastq/SRR030/SRR030280/SRR030280.fastq.gz,SINGLE,NA
L2_H3K4Me3_ChIPSeq_1,ftp.sra.ebi.ac.uk/vol1/fastq/SRR030/SRR030281/SRR030281.fastq.gz,SINGLE,L2_INPUT
L2_INPUT,ftp.sra.ebi.ac.uk/vol1/fastq/SRR030/SRR030282/SRR030282.fastq.gz,SINGLE,NA
AdultFemale_H3K4Me3_ChIPSeq_1,ftp.sra.ebi.ac.uk/vol1/fastq/SRR030/SRR030283/SRR030283.fastq.gz,SINGLE,AdultFemale_INPUT
AdultFemale_INPUT,ftp.sra.ebi.ac.uk/vol1/fastq/SRR030/SRR030284/SRR030284.fastq.gz,SINGLE,NA
E4.8_H3K4Me3_ChIPSeq_1,ftp.sra.ebi.ac.uk/vol1/fastq/SRR030/SRR030287/SRR030287.fastq.gz,SINGLE,E4.8_INPUT
E4.8_H3K27Ac_ChIPSeq_1,ftp.sra.ebi.ac.uk/vol1/fastq/SRR030/SRR030292/SRR030292.fastq.gz,SINGLE,E4.8_INPUT
E4.8_H3K4Me1_ChIPSeq_1,ftp.sra.ebi.ac.uk/vol1/fastq/SRR030/SRR030294/SRR030294.fastq.gz,SINGLE,E4.8_INPUT
AdultFemale_H3K27Ac_ChIPSeq_1,ftp.sra.ebi.ac.uk/vol1/fastq/SRR030/SRR030300/SRR030300.fastq.gz,SINGLE,
Pupae_H3K9Ac_ChIPSeq_1,ftp.sra.ebi.ac.uk/vol1/fastq/SRR030/SRR030302/SRR030302.fastq.gz,SINGLE,
E20.24_H3K27Ac_ChIPSeq_1,ftp.sra.ebi.ac.uk/vol1/fastq/SRR030/SRR030311/SRR030311.fastq.gz,SINGLE,
E20.24_H3K9Ac_ChIPSeq_1,ftp.sra.ebi.ac.uk/vol1/fastq/SRR030/SRR030312/SRR030312.fastq.gz,SINGLE,
AdultMale_INPUT_CBP,ftp.sra.ebi.ac.uk/vol1/fastq/SRR030/SRR030316/SRR030316.fastq.gz,SINGLE,NA
Pupae_CBP_ChIPSeq_1,ftp.sra.ebi.ac.uk/vol1/fastq/SRR030/SRR030325/SRR030325.fastq.gz,SINGLE,
E12.16_H3K4Me3_ChIPSeq_1,ftp.sra.ebi.ac.uk/vol1/fastq/SRR030/SRR030329/SRR030329.fastq.gz,SINGLE,
L1_H3K27Ac_ChIPSeq_1,ftp.sra.ebi.ac.uk/vol1/fastq/SRR030/SRR030330/SRR030330.fastq.gz,SINGLE,
E12.16_H3K27Ac_ChIPSeq_1,ftp.sra.ebi.ac.uk/vol1/fastq/SRR030/SRR030331/SRR030331.fastq.gz,SINGLE,
L1_H3K4Me1_ChIPSeq_1,ftp.sra.ebi.ac.uk/vol1/fastq/SRR030/SRR030337/SRR030337.fastq.gz,SINGLE,
L3_INPUT,ftp.sra.ebi.ac.uk/vol1/fastq/SRR030/SRR030274/SRR030274.fastq.gz,SINGLE,NA
L1_PolII_ChIPSeq_1,ftp.sra.ebi.ac.uk/vol1/fastq/SRR030/SRR030338/SRR030338.fastq.gz,SINGLE,
E8.12_H3K9Ac_ChIPSeq_1,ftp.sra.ebi.ac.uk/vol1/fastq/SRR030/SRR030341/SRR030341.fastq.gz,SINGLE,
L1_INPUT,ftp.sra.ebi.ac.uk/vol1/fastq/SRR030/SRR030276/SRR030276.fastq.gz,SINGLE,NA
AdultMale_H3K4Me3_ChIPSeq_1,ftp.sra.ebi.ac.uk/vol1/fastq/SRR030/SRR030279/SRR030279.fastq.gz,SINGLE,
E20.24_H3K4Me3_ChIPSeq_1,ftp.sra.ebi.ac.uk/vol1/fastq/SRR030/SRR030285/SRR030285.fastq.gz,SINGLE,
E8.12_PolII_ChIPSeq_1,ftp.sra.ebi.ac.uk/vol1/fastq/SRR030/SRR030343/SRR030343.fastq.gz,SINGLE,
E12.16_INPUT,ftp.sra.ebi.ac.uk/vol1/fastq/SRR030/SRR030344/SRR030344.fastq.gz,SINGLE,NA
E8.12_INPUT,ftp.sra.ebi.ac.uk/vol1/fastq/SRR030/SRR030346/SRR030346.fastq.gz,SINGLE,NA
L1_INPUT_PolII,ftp.sra.ebi.ac.uk/vol1/fastq/SRR030/SRR030347/SRR030347.fastq.gz,SINGLE,NA
E16.20_H3K27Me3_ChIPSeq_1,ftp.sra.ebi.ac.uk/vol1/fastq/SRR030/SRR030356/SRR030356.fastq.gz,SINGLE,
E12.16_H3K27Me3_ChIPSeq_1,ftp.sra.ebi.ac.uk/vol1/fastq/SRR030/SRR030357/SRR030357.fastq.gz,SINGLE,
L1_H3K9Me3_ChIPSeq_1,ftp.sra.ebi.ac.uk/vol1/fastq/SRR030/SRR030363/SRR030363.fastq.gz,SINGLE,
E20.24_INPUT,ftp.sra.ebi.ac.uk/vol1/fastq/SRR030/SRR030286/SRR030286.fastq.gz,SINGLE,NA
E12.16_H3K9Ac_ChIPSeq_1,ftp.sra.ebi.ac.uk/vol1/fastq/SRR030/SRR030370/SRR030370.fastq.gz,SINGLE,
E16.20_H3K27Ac_ChIPSeq_1,ftp.sra.ebi.ac.uk/vol1/fastq/SRR030/SRR030289/SRR030289.fastq.gz,SINGLE,
AdultFemale_H3K9Ac_ChIPSeq_1,ftp.sra.ebi.ac.uk/vol1/fastq/SRR030/SRR030371/SRR030371.fastq.gz,SINGLE,
E16.20_H3K4Me1_ChIPSeq_1,ftp.sra.ebi.ac.uk/vol1/fastq/SRR030/SRR030291/SRR030291.fastq.gz,SINGLE,
E20.24_PolII_ChIPSeq_1,ftp.sra.ebi.ac.uk/vol1/fastq/SRR030/SRR030372/SRR030372.fastq.gz,SINGLE,
E0.4_H3K9Ac_ChIPSeq_1,ftp.sra.ebi.ac.uk/vol1/fastq/SRR030/SRR030296/SRR030296.fastq.gz,SINGLE,
E20.24_H3K4Me1_ChIPSeq_1,ftp.sra.ebi.ac.uk/vol1/fastq/SRR030/SRR030376/SRR030376.fastq.gz,SINGLE,
Pupae_H3K4Me1_ChIPSeq_1,ftp.sra.ebi.ac.uk/vol1/fastq/SRR030/SRR030303/SRR030303.fastq.gz,SINGLE,
H3K27Ac_s6_ChIPSeq_1,ftp.sra.ebi.ac.uk/vol1/fastq/SRR030/SRR030378/SRR030378.fastq.gz,SINGLE,
L3_H3K27Ac_ChIPSeq_1,ftp.sra.ebi.ac.uk/vol1/fastq/SRR030/SRR030304/SRR030304.fastq.gz,SINGLE,
L2_PolII_ChIPSeq_1,ftp.sra.ebi.ac.uk/vol1/fastq/SRR030/SRR030379/SRR030379.fastq.gz,SINGLE,L2_INPUT_PolII
L2_H3K27Ac_ChIPSeq_1,ftp.sra.ebi.ac.uk/vol1/fastq/SRR030/SRR030307/SRR030307.fastq.gz,SINGLE,
E8.12_INPUT_CBP,ftp.sra.ebi.ac.uk/vol1/fastq/SRR030/SRR030382/SRR030382.fastq.gz,SINGLE,NA
L2_H3K4Me1_ChIPSeq_1,ftp.sra.ebi.ac.uk/vol1/fastq/SRR030/SRR030309/SRR030309.fastq.gz,SINGLE,
AdultFemale_CBP_ChIPSeq_1,ftp.sra.ebi.ac.uk/vol1/fastq/SRR030/SRR030313/SRR030313.fastq.gz,SINGLE,
AdultFemale_INPUT_CBP,ftp.sra.ebi.ac.uk/vol1/fastq/SRR030/SRR030314/SRR030314.fastq.gz,SINGLE,NA
A.Female_7T_INPUT_1,ftp.sra.ebi.ac.uk/vol1/fastq/SRR034/SRR034692/SRR034692.fastq.gz,SINGLE,NA
E0.12_HDAC.492_ChIPSeq_1.and.2,ftp.sra.ebi.ac.uk/vol1/fastq/SRR034/SRR034693/SRR034693.fastq.gz,SINGLE,
E12.16_INPUT_CBP,ftp.sra.ebi.ac.uk/vol1/fastq/SRR030/SRR030318/SRR030318.fastq.gz,SINGLE,NA
E4.8_INPUT_CBP,ftp.sra.ebi.ac.uk/vol1/fastq/SRR030/SRR030320/SRR030320.fastq.gz,SINGLE,NA
E0.12_HDAC.494_ChIPSeq_1.and.2,ftp.sra.ebi.ac.uk/vol1/fastq/SRR034/SRR034699/SRR034699.fastq.gz,SINGLE,
L1_CBP_ChIPSeq_1,ftp.sra.ebi.ac.uk/vol1/fastq/SRR030/SRR030321/SRR030321.fastq.gz,SINGLE,
E0.12_HDAC.499_ChIPSeq_1.and.2,ftp.sra.ebi.ac.uk/vol1/fastq/SRR034/SRR034708/SRR034708.fastq.gz,SINGLE,
E0.12_HDAC.500_ChIPSeq_1.and.2,ftp.sra.ebi.ac.uk/vol1/fastq/SRR034/SRR034710/SRR034710.fastq.gz,SINGLE,
L1_INPUT_CBP,ftp.sra.ebi.ac.uk/vol1/fastq/SRR030/SRR030322/SRR030322.fastq.gz,SINGLE,NA
L3_CBP_ChIPSeq_1,ftp.sra.ebi.ac.uk/vol1/fastq/SRR030/SRR030323/SRR030323.fastq.gz,SINGLE,
E0.4h_7T_ChIPSeq_1.and.2,ftp.sra.ebi.ac.uk/vol1/fastq/SRR034/SRR034714/SRR034714.fastq.gz,SINGLE,
S2_CTCF200_ChIPSeq_1.and.2,ftp.sra.ebi.ac.uk/vol1/fastq/SRR034/SRR034720/SRR034720.fastq.gz,SINGLE,
E4.8_PolII_ChIPSeq_1,ftp.sra.ebi.ac.uk/vol1/fastq/SRR030/SRR030327/SRR030327.fastq.gz,SINGLE,
S2_CTCF500_INPUT_1,ftp.sra.ebi.ac.uk/vol1/fastq/SRR034/SRR034725/SRR034725.fastq.gz,SINGLE,NA
AdultMale_H3K9Ac_ChIPSeq_1,ftp.sra.ebi.ac.uk/vol1/fastq/SRR030/SRR030328/SRR030328.fastq.gz,SINGLE,
WPP.EcR.GFP._ChIPSeq_1..2.and.3,ftp.sra.ebi.ac.uk/vol1/fastq/SRR034/SRR034733/SRR034733.fastq.gz,SINGLE,
E8.12_H3K27Ac_ChIPSeq_1,ftp.sra.ebi.ac.uk/vol1/fastq/SRR030/SRR030332/SRR030332.fastq.gz,SINGLE,
E16.20_CBP_ChIPSeq_1,ftp.sra.ebi.ac.uk/vol1/fastq/SRR030/SRR030333/SRR030333.fastq.gz,SINGLE,
WPP_INPUT_1,ftp.sra.ebi.ac.uk/vol1/fastq/SRR034/SRR034735/SRR034735.fastq.gz,SINGLE,NA
E8.12_H3K4Me3_ChIPSeq_1,ftp.sra.ebi.ac.uk/vol1/fastq/SRR030/SRR030334/SRR030334.fastq.gz,SINGLE,
w3L_INPUT_2,ftp.sra.ebi.ac.uk/vol1/fastq/SRR034/SRR034742/SRR034742.fastq.gz,SINGLE,NA
Pupae_PolII_ChIPSeq_1,ftp.sra.ebi.ac.uk/vol1/fastq/SRR030/SRR030335/SRR030335.fastq.gz,SINGLE,
ORC2_S2_DRSC_1.extraction1_seq1.aliquote.1,ftp.sra.ebi.ac.uk/vol1/fastq/SRR037/SRR037519/SRR037519.fastq.gz,SINGLE,
L3_PolII_ChIPSeq_1,ftp.sra.ebi.ac.uk/vol1/fastq/SRR030/SRR030336/SRR030336.fastq.gz,SINGLE,L3_INPUT_PolII
ORC2_ML_DmBG3_c2_2.extraction2_seq1.aliquote.1,ftp.sra.ebi.ac.uk/vol1/fastq/SRR037/SRR037523/SRR037523.fastq.gz,SINGLE,
E8.12_H3K4Me1_ChIPSeq_1,ftp.sra.ebi.ac.uk/vol1/fastq/SRR030/SRR030342/SRR030342.fastq.gz,SINGLE,
MCM_KC167_1.extraction1_seq1.aliquote.1,ftp.sra.ebi.ac.uk/vol1/fastq/SRR037/SRR037525/SRR037525.fastq.gz,SINGLE,
AdultMale_H3K27Me3_ChIPSeq_1,ftp.sra.ebi.ac.uk/vol1/fastq/SRR030/SRR030350/SRR030350.fastq.gz,SINGLE,
Pupae_H3K27Me3_ChIPSeq_1,ftp.sra.ebi.ac.uk/vol1/fastq/SRR030/SRR030351/SRR030351.fastq.gz,SINGLE,
E8.12_H3K27Me3_ChIPSeq_1,ftp.sra.ebi.ac.uk/vol1/fastq/SRR030/SRR030358/SRR030358.fastq.gz,SINGLE,
MCM_KC167_Input_1.extraction3_seq1.aliquote.1,ftp.sra.ebi.ac.uk/vol1/fastq/SRR037/SRR037527/SRR037527.fastq.gz,SINGLE,NA
E4.8_H3K27Me3_ChIPSeq_1,ftp.sra.ebi.ac.uk/vol1/fastq/SRR030/SRR030359/SRR030359.fastq.gz,SINGLE,E4.8_INPUT
E16.20_H3K9Me3_ChIPSeq_1,ftp.sra.ebi.ac.uk/vol1/fastq/SRR030/SRR030365/SRR030365.fastq.gz,SINGLE,
ORC2_KC167_1.extraction1_seq1.aliquote.1,ftp.sra.ebi.ac.uk/vol1/fastq/SRR037/SRR037528/SRR037528.fastq.gz,SINGLE,
E12.16_H3K9Me3_ChIPSeq_1,ftp.sra.ebi.ac.uk/vol1/fastq/SRR030/SRR030366/SRR030366.fastq.gz,SINGLE,
E8.12_H3K9Me3_ChIPSeq_1,ftp.sra.ebi.ac.uk/vol1/fastq/SRR030/SRR030367/SRR030367.fastq.gz,SINGLE,
E20.24_CBP_ChIPSeq_1,ftp.sra.ebi.ac.uk/vol1/fastq/SRR030/SRR030374/SRR030374.fastq.gz,SINGLE,
E0.4_CBP_ChIPSeq_1,ftp.sra.ebi.ac.uk/vol1/fastq/SRR030/SRR030375/SRR030375.fastq.gz,SINGLE,
AdultFemale_H3K4Me1_ChIPSeq_1,ftp.sra.ebi.ac.uk/vol1/fastq/SRR030/SRR030377/SRR030377.fastq.gz,SINGLE,
E8.12_CBP_ChIPSeq_1,ftp.sra.ebi.ac.uk/vol1/fastq/SRR030/SRR030381/SRR030381.fastq.gz,SINGLE,
X21d.Female.7T.cad.GFP..ChIPSeq_1,ftp.sra.ebi.ac.uk/vol1/fastq/SRR034/SRR034691/SRR034691.fastq.gz,SINGLE,
E0.12_HDAC.495_ChIPSeq_1.and.2,ftp.sra.ebi.ac.uk/vol1/fastq/SRR034/SRR034700/SRR034700.fastq.gz,SINGLE,
E0.12_HDAC.496_ChIPSeq_1.and.2,ftp.sra.ebi.ac.uk/vol1/fastq/SRR034/SRR034702/SRR034702.fastq.gz,SINGLE,
ORC2_KC167_Input_1.extraction3_seq1.aliquote.1,ftp.sra.ebi.ac.uk/vol1/fastq/SRR037/SRR037530/SRR037530.fastq.gz,SINGLE,NA
E0.4h_7T_INPUT_1,ftp.sra.ebi.ac.uk/vol1/fastq/SRR034/SRR034716/SRR034716.fastq.gz,SINGLE,NA
E0.4h_7T_INPUT_2,ftp.sra.ebi.ac.uk/vol1/fastq/SRR034/SRR034717/SRR034717.fastq.gz,SINGLE,NA
E4.8h.7T.cad.GFP..ChIPSeq_1,ftp.sra.ebi.ac.uk/vol1/fastq/SRR034/SRR034718/SRR034718.fastq.gz,SINGLE,E4.8h_7T_INPUT_1
X24h.Embryo.Orc.ChIP.Seq.extraction1_seq1.aliquote.1,ftp.sra.ebi.ac.uk/vol1/fastq/SRR139/SRR139080/SRR139080.fastq.gz,SINGLE,
E4.8h_7T_INPUT_1,ftp.sra.ebi.ac.uk/vol1/fastq/SRR034/SRR034719/SRR034719.fastq.gz,SINGLE,NA
X24h.Embryo.Orc.ChIP.Seq.extraction4_seq1.aliquote.1,ftp.sra.ebi.ac.uk/vol1/fastq/SRR139/SRR139083/SRR139083.fastq.gz,SINGLE,
X0.24h.Embryo.PolII.ChIP.Seq.extraction4_seq1.aliquote.1,ftp.sra.ebi.ac.uk/vol1/fastq/SRR139/SRR139087/SRR139087.fastq.gz,SINGLE,
WPP30.33_INPUT_1,ftp.sra.ebi.ac.uk/vol1/fastq/SRR034/SRR034729/SRR034729.fastq.gz,SINGLE,NA
SG.Orc.ChIP.Seq.extraction1_seq1.aliquote.2,ftp.sra.ebi.ac.uk/vol1/fastq/SRR139/SRR139089/SRR139089.fastq.gz,SINGLE,
WPP30.33_INPUT_2,ftp.sra.ebi.ac.uk/vol1/fastq/SRR034/SRR034730/SRR034730.fastq.gz,SINGLE,NA
KC167.WT.Late.S.phase.Replicate.2.extraction8_seq1.aliquote.1,ftp.sra.ebi.ac.uk/vol1/fastq/SRR586/SRR586011/SRR586011.fastq.gz,SINGLE,
WPP_INPUT_2,ftp.sra.ebi.ac.uk/vol1/fastq/SRR034/SRR034736/SRR034736.fastq.gz,SINGLE,NA
ORC2_S2_DRSC_2.extraction2_seq1.aliquote.1,ftp.sra.ebi.ac.uk/vol1/fastq/SRR037/SRR037520/SRR037520.fastq.gz,SINGLE,
ORC2_S2_DSRC_Input_1.extraction3_seq1.aliquote.1,ftp.sra.ebi.ac.uk/vol1/fastq/SRR037/SRR037521/SRR037521.fastq.gz,SINGLE,NA
MCM_KC167_2.extraction2_seq1.aliquote.1,ftp.sra.ebi.ac.uk/vol1/fastq/SRR037/SRR037526/SRR037526.fastq.gz,SINGLE,
ORC2_KC167_2.extraction2_seq1.aliquote.1,ftp.sra.ebi.ac.uk/vol1/fastq/SRR037/SRR037529/SRR037529.fastq.gz,SINGLE,
MCM.S2.July.2010.extraction1_seq1.aliquote.1,ftp.sra.ebi.ac.uk/vol1/fastq/SRR139/SRR139077/SRR139077.fastq.gz,SINGLE,
MCM.S2.July.2010.extraction2_seq1.aliquote.1,ftp.sra.ebi.ac.uk/vol1/fastq/SRR139/SRR139078/SRR139078.fastq.gz,SINGLE,
X24h.Embryo.Orc.ChIP.Seq.extraction2_seq1.aliquote.1,ftp.sra.ebi.ac.uk/vol1/fastq/SRR139/SRR139081/SRR139081.fastq.gz,SINGLE,
X0.24h.Embryo.PolII.ChIP.Seq.extraction1_seq1.aliquote.1,ftp.sra.ebi.ac.uk/vol1/fastq/SRR139/SRR139084/SRR139084.fastq.gz,SINGLE,
Cl8.ORC_ChIP.Seq_IP4.extraction4_seq1.aliquote.1,ftp.sra.ebi.ac.uk/vol1/fastq/SRR504/SRR504793/SRR504793.fastq.gz,SINGLE,
X4.7hr.ORC.ChIP.Seq.Input.Oregon.R.strain,ftp.sra.ebi.ac.uk/vol1/fastq/SRR423/SRR423930/SRR423930.fastq.gz,SINGLE,NA
X4.7hr.ORC.ChIP.Seq.ChIP.Oregon.R.strain.Replicate.2,ftp.sra.ebi.ac.uk/vol1/fastq/SRR423/SRR423932/SRR423932.fastq.gz,SINGLE,
X4.7hr.PolII.ChIP.Seq.ChIP.Oregon.R.strain.Replicate.1,ftp.sra.ebi.ac.uk/vol1/fastq/SRR423/SRR423936/SRR423936.fastq.gz,SINGLE,
X0.2hr.Embryo.PolII.Input.extraction1_seq1.aliquote.1,ftp.sra.ebi.ac.uk/vol1/fastq/SRR501/SRR501551/SRR501551.fastq.gz,SINGLE,NA
X0.2hr.Embryo.ORC.Chip.Seq.extraction1_seq1.aliquote.1,ftp.sra.ebi.ac.uk/vol1/fastq/SRR501/SRR501555/SRR501555.fastq.gz,SINGLE,
Cl8.PolII_ChipSeq_IP1.extraction1_seq1.aliquote.1,ftp.sra.ebi.ac.uk/vol1/fastq/SRR504/SRR504795/SRR504795.fastq.gz,SINGLE,
X4.7hr.ORC.ChIP.Seq.ChIP.Oregon.R.strain.Replicate.1,ftp.sra.ebi.ac.uk/vol1/fastq/SRR423/SRR423931/SRR423931.fastq.gz,SINGLE,
X4.7hr.PolII.ChIP.Seq.ChIP.Oregon.R.strain.Replicate.3,ftp.sra.ebi.ac.uk/vol1/fastq/SRR423/SRR423938/SRR423938.fastq.gz,SINGLE,
X0.2hr.Embryo.ORC.Chip.Seq.extraction2_seq1.aliquote.1,ftp.sra.ebi.ac.uk/vol1/fastq/SRR501/SRR501556/SRR501556.fastq.gz,SINGLE,
KC167.WT.Mid.Early.S.phase.Replicate.1.extraction2_seq1.aliquote.1,ftp.sra.ebi.ac.uk/vol1/fastq/SRR586/SRR586005/SRR586005.fastq.gz,SINGLE,
KC167.WT.Early.S.phase.Replicate.2.extraction5_seq1.aliquote.1,ftp.sra.ebi.ac.uk/vol1/fastq/SRR586/SRR586008/SRR586008.fastq.gz,SINGLE,
KC167.WT.Mid.Early.S.phase.Replicate.2.extraction6_seq1.aliquote.1,ftp.sra.ebi.ac.uk/vol1/fastq/SRR586/SRR586009/SRR586009.fastq.gz,SINGLE,
Eip74EF.GFP_8.16h_embryonic_ChIP.seq_Input_Rep2,ftp.sra.ebi.ac.uk/vol1/fastq/SRR116/000/SRR1164440/SRR1164440.fastq.gz,SINGLE,NA
gro_WPP_ChIP.seq_Input_Rep1,ftp.sra.ebi.ac.uk/vol1/fastq/SRR116/003/SRR1164443/SRR1164443.fastq.gz,SINGLE,NA
H_0.8h_embryonic_ChIP.seq_ChIP_Rep1,ftp.sra.ebi.ac.uk/vol1/fastq/SRR116/009/SRR1164449/SRR1164449.fastq.gz,SINGLE,
lola.PJ.GFP_0.12h_embryo_ChIP.seq_Input_Rep1,ftp.sra.ebi.ac.uk/vol1/fastq/SRR116/001/SRR1164451/SRR1164451.fastq.gz,SINGLE,NA
lola.PJ.GFP_0.12h_embryo_ChIP.seq_Input_Rep2,ftp.sra.ebi.ac.uk/vol1/fastq/SRR116/002/SRR1164452/SRR1164452.fastq.gz,SINGLE,NA
lola.PJ.GFP_12.24h_embryo_ChIP.seq_ChIP_Rep1,ftp.sra.ebi.ac.uk/vol1/fastq/SRR116/007/SRR1164457/SRR1164457.fastq.gz,SINGLE,
Su.H._0.8_embryonic_ChIP.seq_ChIP_Rep2,ftp.sra.ebi.ac.uk/vol1/fastq/SRR116/001/SRR1164471/SRR1164471.fastq.gz,SINGLE,
Su.H._0.8_embryonic_ChIP.seq_ChIP_Rep3,ftp.sra.ebi.ac.uk/vol1/fastq/SRR116/002/SRR1164472/SRR1164472.fastq.gz,SINGLE,
dTBP_0.8h_embryonic_ChIP.seq_Input_Rep1,ftp.sra.ebi.ac.uk/vol1/fastq/SRR116/003/SRR1164473/SRR1164473.fastq.gz,SINGLE,NA
dTBP_0.8h_embryonic_ChIP.seq_Input_Rep2,ftp.sra.ebi.ac.uk/vol1/fastq/SRR116/004/SRR1164474/SRR1164474.fastq.gz,SINGLE,NA
dTBP_0.8h_embryonic_ChIP.seq_ChIP_Rep2,ftp.sra.ebi.ac.uk/vol1/fastq/SRR116/006/SRR1164476/SRR1164476.fastq.gz,SINGLE,
TCF_nonISO1_0.8_embryonic_ChIP.seq_ChIP_Rep2,ftp.sra.ebi.ac.uk/vol1/fastq/SRR116/000/SRR1164480/SRR1164480.fastq.gz,SINGLE,
TCF_W3L_ChIP.seq_ChIP_Rep1,ftp.sra.ebi.ac.uk/vol1/fastq/SRR116/004/SRR1164484/SRR1164484.fastq.gz,SINGLE,
TCF_WPP_ChIP.seq_Input_Rep1,ftp.sra.ebi.ac.uk/vol1/fastq/SRR116/007/SRR1164487/SRR1164487.fastq.gz,SINGLE,NA
TCF_WPP_ChIP.seq_Input_Rep2,ftp.sra.ebi.ac.uk/vol1/fastq/SRR116/008/SRR1164488/SRR1164488.fastq.gz,SINGLE,NA
TCF_WPP_ChIP.seq_ChIP_Rep3,ftp.sra.ebi.ac.uk/vol1/fastq/SRR116/002/SRR1164492/SRR1164492.fastq.gz,SINGLE,
BEAF.HB.14.16.hr.OR.embryo.D.melanogaster.Input.Rep2,ftp.sra.ebi.ac.uk/vol1/fastq/SRR116/000/SRR1164520/SRR1164520.fastq.gz,SINGLE,NA
BEAF.HB.14.16.hr.OR.embryo.D.melanogaster.ChIP.Rep1,ftp.sra.ebi.ac.uk/vol1/fastq/SRR116/002/SRR1164522/SRR1164522.fastq.gz,SINGLE,
JMJD2A.KDM4A.Q2541.3rd.Instar.Larvae.D.melanogaster.Input.Rep1,ftp.sra.ebi.ac.uk/vol1/fastq/SRR116/003/SRR1164523/SRR1164523.fastq.gz,SINGLE,NA
POF.MO.459..3rd.Instar.Larvae.D.melanogaster.ChIP.Rep1,ftp.sra.ebi.ac.uk/vol1/fastq/SRR116/009/SRR1164529/SRR1164529.fastq.gz,SINGLE,
POF.MO.459..3rd.Instar.Larvae.D.melanogaster.ChIP.Rep2,ftp.sra.ebi.ac.uk/vol1/fastq/SRR116/000/SRR1164530/SRR1164530.fastq.gz,SINGLE,
Smc3.Q2580.3rd.Instar.Larvae.D.melanogaster.ChIP.Rep1,ftp.sra.ebi.ac.uk/vol1/fastq/SRR116/003/SRR1164533/SRR1164533.fastq.gz,SINGLE,
H2AV.9751.S2.DRSC.H2AV.RNAi.D.melanogaster.Input.Rep2,ftp.sra.ebi.ac.uk/vol1/fastq/SRR116/006/SRR1164536/SRR1164536.fastq.gz,SINGLE,NA
H2AV.9751.S2.DRSC.H2AV.RNAi.D.melanogaster.ChIP.Rep1,ftp.sra.ebi.ac.uk/vol1/fastq/SRR116/007/SRR1164537/SRR1164537.fastq.gz,SINGLE,
H2AV.9751.S2.DRSC.GFP.RNAi.D.melanogaster.Input.Rep1,ftp.sra.ebi.ac.uk/vol1/fastq/SRR116/009/SRR1164539/SRR1164539.fastq.gz,SINGLE,NA
H3K36me2.W.ML.DmBG3.c2.D.melanogaster.ChIP.Rep2,ftp.sra.ebi.ac.uk/vol1/fastq/SRR116/005/SRR1164545/SRR1164545.fastq.gz,SINGLE,
H3K36me2.W.ML.DmBG3.c2.D.melanogaster.ChIP.Rep1,ftp.sra.ebi.ac.uk/vol1/fastq/SRR116/006/SRR1164546/SRR1164546.fastq.gz,SINGLE,
homothorax_0.8h_embryo_ChIP.seq_Input_Rep1,ftp.sra.ebi.ac.uk/vol1/fastq/SRR119/004/SRR1198674/SRR1198674.fastq.gz,SINGLE,NA
homothorax_0.8h_embryo_ChIP.seq_ChIP_Rep1,ftp.sra.ebi.ac.uk/vol1/fastq/SRR119/006/SRR1198676/SRR1198676.fastq.gz,SINGLE,
homothorax_0.8h_embryo_ChIP.seq_ChIP_Rep2,ftp.sra.ebi.ac.uk/vol1/fastq/SRR119/007/SRR1198677/SRR1198677.fastq.gz,SINGLE,
scute_0.8h_embryo_ChIP.seq_ChIP_Rep2,ftp.sra.ebi.ac.uk/vol1/fastq/SRR119/001/SRR1198681/SRR1198681.fastq.gz,SINGLE,
broad_0.8h_embryo_ChIP.seq_Input_Rep2,ftp.sra.ebi.ac.uk/vol1/fastq/SRR119/003/SRR1198683/SRR1198683.fastq.gz,SINGLE,NA
broad_0.8h_embryo_ChIP.seq_ChIP_Rep2,ftp.sra.ebi.ac.uk/vol1/fastq/SRR119/005/SRR1198685/SRR1198685.fastq.gz,SINGLE,
CG16778_0.8h_embryo_ChIP.seq_ChIP_Rep1,ftp.sra.ebi.ac.uk/vol1/fastq/SRR119/008/SRR1198688/SRR1198688.fastq.gz,SINGLE,
CG8478_WPP_ChIP.seq_Input_Rep1,ftp.sra.ebi.ac.uk/vol1/fastq/SRR119/000/SRR1198690/SRR1198690.fastq.gz,SINGLE,NA
CG8478_WPP_ChIP.seq_ChIP_Rep2,ftp.sra.ebi.ac.uk/vol1/fastq/SRR119/003/SRR1198693/SRR1198693.fastq.gz,SINGLE,
CNC_16.24.seq_Input_Rep2,ftp.sra.ebi.ac.uk/vol1/fastq/SRR119/005/SRR1198695/SRR1198695.fastq.gz,SINGLE,NA
Fru_0.8.seq_Input_Rep2,ftp.sra.ebi.ac.uk/vol1/fastq/SRR119/003/SRR1198703/SRR1198703.fastq.gz,SINGLE,NA
Fru_0.8.seq_ChIP_Rep2,ftp.sra.ebi.ac.uk/vol1/fastq/SRR119/005/SRR1198705/SRR1198705.fastq.gz,SINGLE,Fru_0.8.seq_Input_Rep2
Prd.RF12_0.12.seq_ChIP_Rep2,ftp.sra.ebi.ac.uk/vol1/fastq/SRR119/003/SRR1198713/SRR1198713.fastq.gz,SINGLE,
Prd.RF13_0.12.seq_Input_Rep1,ftp.sra.ebi.ac.uk/vol1/fastq/SRR119/004/SRR1198714/SRR1198714.fastq.gz,SINGLE,NA
Prd.RF13_0.12.seq_ChIP_Rep1,ftp.sra.ebi.ac.uk/vol1/fastq/SRR119/006/SRR1198716/SRR1198716.fastq.gz,SINGLE,Prd.RF13_0.12.seq_Input_Rep1
psq_WPP.seq_ChIP_Rep1,ftp.sra.ebi.ac.uk/vol1/fastq/SRR119/000/SRR1198720/SRR1198720.fastq.gz,SINGLE,
Sin3A_Kc.seq_Input_Rep2,ftp.sra.ebi.ac.uk/vol1/fastq/SRR119/007/SRR1198727/SRR1198727.fastq.gz,SINGLE,NA
Su.Hw._WPP.seq_Input_Rep1,ftp.sra.ebi.ac.uk/vol1/fastq/SRR119/008/SRR1198738/SRR1198738.fastq.gz,SINGLE,NA
Usp_W3L_Input_Rep2,ftp.sra.ebi.ac.uk/vol1/fastq/SRR119/007/SRR1198747/SRR1198747.fastq.gz,SINGLE,NA
Usp_W3L_ChIP_Rep1,ftp.sra.ebi.ac.uk/vol1/fastq/SRR119/008/SRR1198748/SRR1198748.fastq.gz,SINGLE,
H3K4me3_WPP.seq_Input_Rep2,ftp.sra.ebi.ac.uk/vol1/fastq/SRR119/001/SRR1198761/SRR1198761.fastq.gz,SINGLE,NA
H3K4me3_WPP.seq_ChIP_Rep1,ftp.sra.ebi.ac.uk/vol1/fastq/SRR119/002/SRR1198762/SRR1198762.fastq.gz,SINGLE,
Abd.B.GFP_vMock_W3L_ChIP.seq_Input_Rep2,ftp.sra.ebi.ac.uk/vol1/fastq/SRR119/005/SRR1198765/SRR1198765.fastq.gz,SINGLE,NA
Abd.B.GFP_W3L_ChIP.seq_Input_Rep2,ftp.sra.ebi.ac.uk/vol1/fastq/SRR119/009/SRR1198769/SRR1198769.fastq.gz,SINGLE,NA
Abd.B.GFP_W3L_ChIP.seq_ChIP_Rep1,ftp.sra.ebi.ac.uk/vol1/fastq/SRR119/000/SRR1198770/SRR1198770.fastq.gz,SINGLE,
CG8478_S2_cells_ChIP.seq_ChIP_Rep2,ftp.sra.ebi.ac.uk/vol1/fastq/SRR119/005/SRR1198775/SRR1198775.fastq.gz,SINGLE,
cmi_0.8h_embryonic_ChIP.seq_Input_Rep1,ftp.sra.ebi.ac.uk/vol1/fastq/SRR119/006/SRR1198776/SRR1198776.fastq.gz,SINGLE,NA
cmi_0.8h_embryonic_ChIP.seq_ChIP_Rep2,ftp.sra.ebi.ac.uk/vol1/fastq/SRR119/009/SRR1198779/SRR1198779.fastq.gz,SINGLE,
H3K4me1_W3L_ChIP.seq_Input_Rep1,ftp.sra.ebi.ac.uk/vol1/fastq/SRR119/004/SRR1198784/SRR1198784.fastq.gz,SINGLE,NA
H3K4me1_W3L_ChIP.seq_ChIP_Rep1,ftp.sra.ebi.ac.uk/vol1/fastq/SRR119/006/SRR1198786/SRR1198786.fastq.gz,SINGLE,H3K4me1_W3L_ChIP.seq_Input_Rep1
H3K4me3_S2_cells_ChIP.seq_Input_Rep1,ftp.sra.ebi.ac.uk/vol1/fastq/SRR119/002/SRR1198792/SRR1198792.fastq.gz,SINGLE,NA
Hr78.GFP_8.16_embryonic_ChIP.seq_Input_Rep1,ftp.sra.ebi.ac.uk/vol1/fastq/SRR119/006/SRR1198796/SRR1198796.fastq.gz,SINGLE,NA
Hr78.GFP_8.16_embryonic_ChIP.seq_ChIP_Rep2,ftp.sra.ebi.ac.uk/vol1/fastq/SRR119/009/SRR1198799/SRR1198799.fastq.gz,SINGLE,
insv_Kc_cells_ChIP.seq_Input_Rep2,ftp.sra.ebi.ac.uk/vol1/fastq/SRR119/001/SRR1198801/SRR1198801.fastq.gz,SINGLE,NA
lola.PI.GFP_W3L_ChIP.seq_Input_Rep2,ftp.sra.ebi.ac.uk/vol1/fastq/SRR119/006/SRR1198806/SRR1198806.fastq.gz,SINGLE,NA
Notch.GFP_W3L_ChIP.seq_Input_Rep2,ftp.sra.ebi.ac.uk/vol1/fastq/SRR119/000/SRR1198810/SRR1198810.fastq.gz,SINGLE,NA
Trl_8.16h_embryonic_ChIP.seq_Input_Rep1,ftp.sra.ebi.ac.uk/vol1/fastq/SRR119/003/SRR1198813/SRR1198813.fastq.gz,SINGLE,NA
Trl_8.16h_embryonic_ChIP.seq_ChIP_Rep1,ftp.sra.ebi.ac.uk/vol1/fastq/SRR119/006/SRR1198816/SRR1198816.fastq.gz,SINGLE,
Trl_8.16h_embryonic_ChIP.seq_ChIP_Rep3,ftp.sra.ebi.ac.uk/vol1/fastq/SRR119/008/SRR1198818/SRR1198818.fastq.gz,SINGLE,
yki_8.16h_embryonic_ChIP.seq_Input_Rep1,ftp.sra.ebi.ac.uk/vol1/fastq/SRR119/009/SRR1198819/SRR1198819.fastq.gz,SINGLE,NA
yki_8.16h_embryonic_ChIP.seq_Input_Rep2,ftp.sra.ebi.ac.uk/vol1/fastq/SRR119/000/SRR1198820/SRR1198820.fastq.gz,SINGLE,NA
yki_8.16h_embryonic_ChIP.seq_Input_Rep3,ftp.sra.ebi.ac.uk/vol1/fastq/SRR119/001/SRR1198821/SRR1198821.fastq.gz,SINGLE,NA
TCF_0.8h_embryo_ChIP.seq_ChIP_Rep1,ftp.sra.ebi.ac.uk/vol1/fastq/SRR119/004/SRR1198824/SRR1198824.fastq.gz,SINGLE,
HP1.8.16h.embryonic.D.melanogaster.Input,ftp.sra.ebi.ac.uk/vol1/fastq/SRR119/004/SRR1199474/SRR1199474.fastq.gz,SINGLE,NA
HP1.8.16h.embryonic.D.melanogaster.ChIP.Rep1,ftp.sra.ebi.ac.uk/vol1/fastq/SRR119/005/SRR1199475/SRR1199475.fastq.gz,SINGLE,
H.Kc167.late.embryonic.D.melanogaster.ChIP.Rep1,ftp.sra.ebi.ac.uk/vol1/fastq/SRR119/007/SRR1199477/SRR1199477.fastq.gz,SINGLE,
dMyc.Kc167.late.embryonic.D.melanogaster.Input,ftp.sra.ebi.ac.uk/vol1/fastq/SRR119/003/SRR1199483/SRR1199483.fastq.gz,SINGLE,NA
dMyc.Kc167.late.embryonic.D.melanogaster.ChIP.Rep2,ftp.sra.ebi.ac.uk/vol1/fastq/SRR119/005/SRR1199485/SRR1199485.fastq.gz,SINGLE,
dMyc.S2.DRSC.late.embryonic.D.melanogaster.Input,ftp.sra.ebi.ac.uk/vol1/fastq/SRR119/006/SRR1199486/SRR1199486.fastq.gz,SINGLE,NA
Su.H..Kc167.late.embryonic.D.melanogaster.ChIP.Rep2,ftp.sra.ebi.ac.uk/vol1/fastq/SRR119/001/SRR1199491/SRR1199491.fastq.gz,SINGLE,
Input.s1..s7,ftp.sra.ebi.ac.uk/vol1/fastq/SRR121/SRR121517/SRR121517.fastq.gz,SINGLE,NA
H3K36me3.s1..s7,ftp.sra.ebi.ac.uk/vol1/fastq/SRR121/SRR121526/SRR121526.fastq.gz,SINGLE,
SuHw.s1..s7,ftp.sra.ebi.ac.uk/vol1/fastq/SRR121/SRR121536/SRR121536.fastq.gz,SINGLE,
gDNA.s1..s5,ftp.sra.ebi.ac.uk/vol1/fastq/SRR121/SRR121541/SRR121541.fastq.gz,SINGLE,
gro_WPP_ChIP.seq_Input_Rep2,ftp.sra.ebi.ac.uk/vol1/fastq/SRR116/004/SRR1164444/SRR1164444.fastq.gz,SINGLE,NA
gro_WPP_ChIP.seq_ChIP_Rep2,ftp.sra.ebi.ac.uk/vol1/fastq/SRR116/006/SRR1164446/SRR1164446.fastq.gz,SINGLE,
H_0.8h_embryonic_ChIP.seq_Input_Rep1,ftp.sra.ebi.ac.uk/vol1/fastq/SRR116/007/SRR1164447/SRR1164447.fastq.gz,SINGLE,NA
lola.PJ.GFP_0.12h_embryo_ChIP.seq_ChIP_Rep1,ftp.sra.ebi.ac.uk/vol1/fastq/SRR116/003/SRR1164453/SRR1164453.fastq.gz,SINGLE,
dMyc_W3L_ChIP.seq_Input_Rep2,ftp.sra.ebi.ac.uk/vol1/fastq/SRR116/000/SRR1164460/SRR1164460.fastq.gz,SINGLE,NA
dMyc_W3L_ChIP.seq_ChIP_Rep2,ftp.sra.ebi.ac.uk/vol1/fastq/SRR116/002/SRR1164462/SRR1164462.fastq.gz,SINGLE,
Stat92E.GFP_12.24h_embryonic_ChIP.seq_Input_Rep1,ftp.sra.ebi.ac.uk/vol1/fastq/SRR116/003/SRR1164463/SRR1164463.fastq.gz,SINGLE,NA
Stat92E.GFP_12.24h_embryonic_ChIP.seq_ChIP_Rep1,ftp.sra.ebi.ac.uk/vol1/fastq/SRR116/005/SRR1164465/SRR1164465.fastq.gz,SINGLE,
Stat92E.GFP_12.24h_embryonic_ChIP.seq_ChIP_Rep2,ftp.sra.ebi.ac.uk/vol1/fastq/SRR116/006/SRR1164466/SRR1164466.fastq.gz,SINGLE,
Su.H._0.8_embryonic_ChIP.seq_Input_Rep2,ftp.sra.ebi.ac.uk/vol1/fastq/SRR116/008/SRR1164468/SRR1164468.fastq.gz,SINGLE,NA
Su.H._0.8_embryonic_ChIP.seq_Input_Rep3,ftp.sra.ebi.ac.uk/vol1/fastq/SRR116/009/SRR1164469/SRR1164469.fastq.gz,SINGLE,NA
Su.H._0.8_embryonic_ChIP.seq_ChIP_Rep1,ftp.sra.ebi.ac.uk/vol1/fastq/SRR116/000/SRR1164470/SRR1164470.fastq.gz,SINGLE,
dTBP_0.8h_embryonic_ChIP.seq_ChIP_Rep1,ftp.sra.ebi.ac.uk/vol1/fastq/SRR116/005/SRR1164475/SRR1164475.fastq.gz,SINGLE,
TCF_nonISO1_0.8_embryonic_ChIP.seq_Input_Rep1,ftp.sra.ebi.ac.uk/vol1/fastq/SRR116/007/SRR1164477/SRR1164477.fastq.gz,SINGLE,NA
TCF_W3L_ChIP.seq_ChIP_Rep2,ftp.sra.ebi.ac.uk/vol1/fastq/SRR116/005/SRR1164485/SRR1164485.fastq.gz,SINGLE,
TCF_WPP_ChIP.seq_Input_Rep3,ftp.sra.ebi.ac.uk/vol1/fastq/SRR116/009/SRR1164489/SRR1164489.fastq.gz,SINGLE,NA
TCF_WPP_ChIP.seq_ChIP_Rep1,ftp.sra.ebi.ac.uk/vol1/fastq/SRR116/000/SRR1164490/SRR1164490.fastq.gz,SINGLE,
TCF_WPP_ChIP.seq_ChIP_Rep2,ftp.sra.ebi.ac.uk/vol1/fastq/SRR116/001/SRR1164491/SRR1164491.fastq.gz,SINGLE,
JMJD2A.KDM4A.Q2541.3rd.Instar.Larvae.D.melanogaster.Input.Rep2,ftp.sra.ebi.ac.uk/vol1/fastq/SRR116/004/SRR1164524/SRR1164524.fastq.gz,SINGLE,NA
JMJD2A.KDM4A.Q2541.3rd.Instar.Larvae.D.melanogaster.ChIP.Rep1,ftp.sra.ebi.ac.uk/vol1/fastq/SRR116/005/SRR1164525/SRR1164525.fastq.gz,SINGLE,
JMJD2A.KDM4A.Q2541.3rd.Instar.Larvae.D.melanogaster.ChIP.Rep2,ftp.sra.ebi.ac.uk/vol1/fastq/SRR116/006/SRR1164526/SRR1164526.fastq.gz,SINGLE,
Smc3.Q2580.3rd.Instar.Larvae.D.melanogaster.Input.Rep2,ftp.sra.ebi.ac.uk/vol1/fastq/SRR116/002/SRR1164532/SRR1164532.fastq.gz,SINGLE,NA
Smc3.Q2580.3rd.Instar.Larvae.D.melanogaster.ChIP.Rep2,ftp.sra.ebi.ac.uk/vol1/fastq/SRR116/004/SRR1164534/SRR1164534.fastq.gz,SINGLE,
H2AV.9751.S2.DRSC.GFP.RNAi.D.melanogaster.ChIP.Rep2,ftp.sra.ebi.ac.uk/vol1/fastq/SRR116/002/SRR1164542/SRR1164542.fastq.gz,SINGLE,
H3K36me2.W.ML.DmBG3.c2.D.melanogaster.Input.Rep1,ftp.sra.ebi.ac.uk/vol1/fastq/SRR116/003/SRR1164543/SRR1164543.fastq.gz,SINGLE,NA
Su.H._8.16h_embryo_ChIP.seq_Input_Rep2,ftp.sra.ebi.ac.uk/vol1/fastq/SRR119/001/SRR1198671/SRR1198671.fastq.gz,SINGLE,NA
Su.H._8.16h_embryo_ChIP.seq_ChIP_Rep1,ftp.sra.ebi.ac.uk/vol1/fastq/SRR119/002/SRR1198672/SRR1198672.fastq.gz,SINGLE,
Su.H._8.16h_embryo_ChIP.seq_ChIP_Rep2,ftp.sra.ebi.ac.uk/vol1/fastq/SRR119/003/SRR1198673/SRR1198673.fastq.gz,SINGLE,
scute_0.8h_embryo_ChIP.seq_Input_Rep1,ftp.sra.ebi.ac.uk/vol1/fastq/SRR119/008/SRR1198678/SRR1198678.fastq.gz,SINGLE,NA
scute_0.8h_embryo_ChIP.seq_Input_Rep2,ftp.sra.ebi.ac.uk/vol1/fastq/SRR119/009/SRR1198679/SRR1198679.fastq.gz,SINGLE,NA
broad_0.8h_embryo_ChIP.seq_Input_Rep1,ftp.sra.ebi.ac.uk/vol1/fastq/SRR119/002/SRR1198682/SRR1198682.fastq.gz,SINGLE,NA
broad_0.8h_embryo_ChIP.seq_ChIP_Rep1,ftp.sra.ebi.ac.uk/vol1/fastq/SRR119/004/SRR1198684/SRR1198684.fastq.gz,SINGLE,
CG16778_0.8h_embryo_ChIP.seq_ChIP_Rep2,ftp.sra.ebi.ac.uk/vol1/fastq/SRR119/009/SRR1198689/SRR1198689.fastq.gz,SINGLE,
CNC_16.24.seq_Input_Rep1,ftp.sra.ebi.ac.uk/vol1/fastq/SRR119/004/SRR1198694/SRR1198694.fastq.gz,SINGLE,NA
CNC_16.24.seq_ChIP_Rep2,ftp.sra.ebi.ac.uk/vol1/fastq/SRR119/007/SRR1198697/SRR1198697.fastq.gz,SINGLE,
CNC_AdultFemale.seq_Input_Rep1,ftp.sra.ebi.ac.uk/vol1/fastq/SRR119/008/SRR1198698/SRR1198698.fastq.gz,SINGLE,NA
CNC_AdultFemale.seq_ChIP_Rep1,ftp.sra.ebi.ac.uk/vol1/fastq/SRR119/000/SRR1198700/SRR1198700.fastq.gz,SINGLE,
CNC_AdultFemale.seq_ChIP_Rep2,ftp.sra.ebi.ac.uk/vol1/fastq/SRR119/001/SRR1198701/SRR1198701.fastq.gz,SINGLE,
Fru_0.8.seq_Input_Rep1,ftp.sra.ebi.ac.uk/vol1/fastq/SRR119/002/SRR1198702/SRR1198702.fastq.gz,SINGLE,NA
Fru_0.8.seq_ChIP_Rep1,ftp.sra.ebi.ac.uk/vol1/fastq/SRR119/004/SRR1198704/SRR1198704.fastq.gz,SINGLE,
mod.mdg4._W3L.seq_ChIP_Rep1,ftp.sra.ebi.ac.uk/vol1/fastq/SRR119/008/SRR1198708/SRR1198708.fastq.gz,SINGLE,
mod.mdg4._W3L.seq_ChIP_Rep2,ftp.sra.ebi.ac.uk/vol1/fastq/SRR119/009/SRR1198709/SRR1198709.fastq.gz,SINGLE,
Prd.RF12_0.12.seq_Input_Rep1,ftp.sra.ebi.ac.uk/vol1/fastq/SRR119/000/SRR1198710/SRR1198710.fastq.gz,SINGLE,NA
Prd.RF12_0.12.seq_ChIP_Rep1,ftp.sra.ebi.ac.uk/vol1/fastq/SRR119/002/SRR1198712/SRR1198712.fastq.gz,SINGLE,
Prd.RF13_0.12.seq_Input_Rep2,ftp.sra.ebi.ac.uk/vol1/fastq/SRR119/005/SRR1198715/SRR1198715.fastq.gz,SINGLE,NA
psq_WPP.seq_Input_Rep2,ftp.sra.ebi.ac.uk/vol1/fastq/SRR119/009/SRR1198719/SRR1198719.fastq.gz,SINGLE,NA
sc_0.12.seq_Input_Rep1,ftp.sra.ebi.ac.uk/vol1/fastq/SRR119/002/SRR1198722/SRR1198722.fastq.gz,SINGLE,NA
sc_0.12.seq_Input_Rep2,ftp.sra.ebi.ac.uk/vol1/fastq/SRR119/003/SRR1198723/SRR1198723.fastq.gz,SINGLE,NA
Sin3A_Kc.seq_Input_Rep1,ftp.sra.ebi.ac.uk/vol1/fastq/SRR119/006/SRR1198726/SRR1198726.fastq.gz,SINGLE,NA
Stat92E_WPP.seq_ChIP_Rep1,ftp.sra.ebi.ac.uk/vol1/fastq/SRR119/002/SRR1198732/SRR1198732.fastq.gz,SINGLE,
Su.Hw._WPP.seq_Input_Rep2,ftp.sra.ebi.ac.uk/vol1/fastq/SRR119/009/SRR1198739/SRR1198739.fastq.gz,SINGLE,NA
Su.Hw._WPP.seq_ChIP_Rep1,ftp.sra.ebi.ac.uk/vol1/fastq/SRR119/000/SRR1198740/SRR1198740.fastq.gz,SINGLE,
TCF_16.24.seq_Input_Rep1,ftp.sra.ebi.ac.uk/vol1/fastq/SRR119/002/SRR1198742/SRR1198742.fastq.gz,SINGLE,NA
TCF_16.24.seq_Input_Rep2,ftp.sra.ebi.ac.uk/vol1/fastq/SRR119/003/SRR1198743/SRR1198743.fastq.gz,SINGLE,NA
TCF_16.24.seq_ChIP_Rep1,ftp.sra.ebi.ac.uk/vol1/fastq/SRR119/004/SRR1198744/SRR1198744.fastq.gz,SINGLE,
TCF_16.24.seq_ChIP_Rep2,ftp.sra.ebi.ac.uk/vol1/fastq/SRR119/005/SRR1198745/SRR1198745.fastq.gz,SINGLE,
USP.GFP_WPP.12.seq_Input_Rep2,ftp.sra.ebi.ac.uk/vol1/fastq/SRR119/001/SRR1198751/SRR1198751.fastq.gz,SINGLE,NA
USP.GFP_WPP.12.seq_Input_Rep3,ftp.sra.ebi.ac.uk/vol1/fastq/SRR119/002/SRR1198752/SRR1198752.fastq.gz,SINGLE,NA
USP.GFP_WPP.12.seq_ChIP_Rep1,ftp.sra.ebi.ac.uk/vol1/fastq/SRR119/003/SRR1198753/SRR1198753.fastq.gz,SINGLE,
USP.GFP_WPP.12.seq_ChIP_Rep3,ftp.sra.ebi.ac.uk/vol1/fastq/SRR119/005/SRR1198755/SRR1198755.fastq.gz,SINGLE,
USP.GFP_0.12.seq_Input_Rep1,ftp.sra.ebi.ac.uk/vol1/fastq/SRR119/006/SRR1198756/SRR1198756.fastq.gz,SINGLE,NA
USP.GFP_0.12.seq_ChIP_Rep2,ftp.sra.ebi.ac.uk/vol1/fastq/SRR119/009/SRR1198759/SRR1198759.fastq.gz,SINGLE,
Abd.B.GFP_vMock_W3L_ChIP.seq_Input_Rep1,ftp.sra.ebi.ac.uk/vol1/fastq/SRR119/004/SRR1198764/SRR1198764.fastq.gz,SINGLE,NA
Abd.B.GFP_vMock_W3L_ChIP.seq_ChIP_Rep2,ftp.sra.ebi.ac.uk/vol1/fastq/SRR119/007/SRR1198767/SRR1198767.fastq.gz,SINGLE,
Abd.B.GFP_W3L_ChIP.seq_Input_Rep1,ftp.sra.ebi.ac.uk/vol1/fastq/SRR119/008/SRR1198768/SRR1198768.fastq.gz,SINGLE,NA
CG8478_S2_cells_ChIP.seq_Input_Rep2,ftp.sra.ebi.ac.uk/vol1/fastq/SRR119/003/SRR1198773/SRR1198773.fastq.gz,SINGLE,NA
CG8478_S2_cells_ChIP.seq_ChIP_Rep1,ftp.sra.ebi.ac.uk/vol1/fastq/SRR119/004/SRR1198774/SRR1198774.fastq.gz,SINGLE,
cmi_0.8h_embryonic_ChIP.seq_Input_Rep2,ftp.sra.ebi.ac.uk/vol1/fastq/SRR119/007/SRR1198777/SRR1198777.fastq.gz,SINGLE,NA
cmi_0.8h_embryonic_ChIP.seq_ChIP_Rep1,ftp.sra.ebi.ac.uk/vol1/fastq/SRR119/008/SRR1198778/SRR1198778.fastq.gz,SINGLE,
H3K4me1_S2_cells_ChIP.seq_Input_Rep1,ftp.sra.ebi.ac.uk/vol1/fastq/SRR119/000/SRR1198780/SRR1198780.fastq.gz,SINGLE,NA
H3K4me1_S2_cells_ChIP.seq_Input_Rep2,ftp.sra.ebi.ac.uk/vol1/fastq/SRR119/001/SRR1198781/SRR1198781.fastq.gz,SINGLE,NA
H3K4me1_W3L_ChIP.seq_ChIP_Rep2,ftp.sra.ebi.ac.uk/vol1/fastq/SRR119/007/SRR1198787/SRR1198787.fastq.gz,SINGLE,
H3K4me3_8.16h_embryonic_ChIP.seq_Input_Rep1,ftp.sra.ebi.ac.uk/vol1/fastq/SRR119/008/SRR1198788/SRR1198788.fastq.gz,SINGLE,NA
H3K4me3_8.16h_embryonic_ChIP.seq_Input_Rep2,ftp.sra.ebi.ac.uk/vol1/fastq/SRR119/009/SRR1198789/SRR1198789.fastq.gz,SINGLE,NA
H3K4me3_8.16h_embryonic_ChIP.seq_ChIP_Rep1,ftp.sra.ebi.ac.uk/vol1/fastq/SRR119/000/SRR1198790/SRR1198790.fastq.gz,SINGLE,
H3K4me3_8.16h_embryonic_ChIP.seq_ChIP_Rep2,ftp.sra.ebi.ac.uk/vol1/fastq/SRR119/001/SRR1198791/SRR1198791.fastq.gz,SINGLE,
H3K4me3_S2_cells_ChIP.seq_Input_Rep2,ftp.sra.ebi.ac.uk/vol1/fastq/SRR119/003/SRR1198793/SRR1198793.fastq.gz,SINGLE,NA
Hr78.GFP_8.16_embryonic_ChIP.seq_ChIP_Rep1,ftp.sra.ebi.ac.uk/vol1/fastq/SRR119/008/SRR1198798/SRR1198798.fastq.gz,SINGLE,
insv_Kc_cells_ChIP.seq_Input_Rep1,ftp.sra.ebi.ac.uk/vol1/fastq/SRR119/000/SRR1198800/SRR1198800.fastq.gz,SINGLE,NA
insv_Kc_cells_ChIP.seq_ChIP_Rep3,ftp.sra.ebi.ac.uk/vol1/fastq/SRR119/004/SRR1198804/SRR1198804.fastq.gz,SINGLE,
lola.PI.GFP_W3L_ChIP.seq_Input_Rep1,ftp.sra.ebi.ac.uk/vol1/fastq/SRR119/005/SRR1198805/SRR1198805.fastq.gz,SINGLE,NA
lola.PI.GFP_W3L_ChIP.seq_ChIP_Rep1,ftp.sra.ebi.ac.uk/vol1/fastq/SRR119/007/SRR1198807/SRR1198807.fastq.gz,SINGLE,
lola.PI.GFP_W3L_ChIP.seq_ChIP_Rep2,ftp.sra.ebi.ac.uk/vol1/fastq/SRR119/008/SRR1198808/SRR1198808.fastq.gz,SINGLE,
Notch.GFP_W3L_ChIP.seq_Input_Rep1,ftp.sra.ebi.ac.uk/vol1/fastq/SRR119/009/SRR1198809/SRR1198809.fastq.gz,SINGLE,NA
Dfd.GFP_0.8h_embryo_ChIP.seq_Input_Rep1,ftp.sra.ebi.ac.uk/vol1/fastq/SRR119/006/SRR1198826/SRR1198826.fastq.gz,SINGLE,NA
Dfd.GFP_0.8h_embryo_ChIP.seq_Input_Rep2,ftp.sra.ebi.ac.uk/vol1/fastq/SRR119/007/SRR1198827/SRR1198827.fastq.gz,SINGLE,NA
H.Kc167.late.embryonic.D.melanogaster.Input,ftp.sra.ebi.ac.uk/vol1/fastq/SRR119/006/SRR1199476/SRR1199476.fastq.gz,SINGLE,NA
H.Kc167.late.embryonic.D.melanogaster.ChIP.Rep2,ftp.sra.ebi.ac.uk/vol1/fastq/SRR119/008/SRR1199478/SRR1199478.fastq.gz,SINGLE,
H.Kc167.late.embryonic.D.melanogaster.ChIP.Rep3,ftp.sra.ebi.ac.uk/vol1/fastq/SRR119/009/SRR1199479/SRR1199479.fastq.gz,SINGLE,
dMyc.Kc167.late.embryonic.D.melanogaster.ChIP.Rep1,ftp.sra.ebi.ac.uk/vol1/fastq/SRR119/004/SRR1199484/SRR1199484.fastq.gz,SINGLE,
dMyc.S2.DRSC.late.embryonic.D.melanogaster.ChIP.Rep1,ftp.sra.ebi.ac.uk/vol1/fastq/SRR119/007/SRR1199487/SRR1199487.fastq.gz,SINGLE,
Su.H..Kc167.late.embryonic.D.melanogaster.Input,ftp.sra.ebi.ac.uk/vol1/fastq/SRR119/009/SRR1199489/SRR1199489.fastq.gz,SINGLE,NA
Su.H..Kc167.late.embryonic.D.melanogaster.ChIP.Rep1,ftp.sra.ebi.ac.uk/vol1/fastq/SRR119/000/SRR1199490/SRR1199490.fastq.gz,SINGLE,
Su.H..Kc167.late.embryonic.D.melanogaster.ChIP.Rep3,ftp.sra.ebi.ac.uk/vol1/fastq/SRR119/002/SRR1199492/SRR1199492.fastq.gz,SINGLE,
Dll_WPP_ChIP.seq_Input_Rep1,ftp.sra.ebi.ac.uk/vol1/fastq/SRR116/005/SRR1164435/SRR1164435.fastq.gz,SINGLE,NA
Dll_WPP_ChIP.seq_Input_Rep2,ftp.sra.ebi.ac.uk/vol1/fastq/SRR116/006/SRR1164436/SRR1164436.fastq.gz,SINGLE,NA
Dll_WPP_ChIP.seq_ChIP_Rep1,ftp.sra.ebi.ac.uk/vol1/fastq/SRR116/007/SRR1164437/SRR1164437.fastq.gz,SINGLE,
Dll_WPP_ChIP.seq_ChIP_Rep2,ftp.sra.ebi.ac.uk/vol1/fastq/SRR116/008/SRR1164438/SRR1164438.fastq.gz,SINGLE,
Eip74EF.GFP_8.16h_embryonic_ChIP.seq_Input_Rep1,ftp.sra.ebi.ac.uk/vol1/fastq/SRR116/009/SRR1164439/SRR1164439.fastq.gz,SINGLE,NA
Eip74EF.GFP_8.16h_embryonic_ChIP.seq_ChIP_Rep1,ftp.sra.ebi.ac.uk/vol1/fastq/SRR116/001/SRR1164441/SRR1164441.fastq.gz,SINGLE,
Eip74EF.GFP_8.16h_embryonic_ChIP.seq_ChIP_Rep2,ftp.sra.ebi.ac.uk/vol1/fastq/SRR116/002/SRR1164442/SRR1164442.fastq.gz,SINGLE,
gro_WPP_ChIP.seq_ChIP_Rep1,ftp.sra.ebi.ac.uk/vol1/fastq/SRR116/005/SRR1164445/SRR1164445.fastq.gz,SINGLE,
H_0.8h_embryonic_ChIP.seq_Input_Rep2,ftp.sra.ebi.ac.uk/vol1/fastq/SRR116/008/SRR1164448/SRR1164448.fastq.gz,SINGLE,NA
H_0.8h_embryonic_ChIP.seq_ChIP_Rep2,ftp.sra.ebi.ac.uk/vol1/fastq/SRR116/000/SRR1164450/SRR1164450.fastq.gz,SINGLE,
lola.PJ.GFP_0.12h_embryo_ChIP.seq_ChIP_Rep2,ftp.sra.ebi.ac.uk/vol1/fastq/SRR116/004/SRR1164454/SRR1164454.fastq.gz,SINGLE,
lola.PJ.GFP_12.24h_embryo_ChIP.seq_Input_Rep1,ftp.sra.ebi.ac.uk/vol1/fastq/SRR116/005/SRR1164455/SRR1164455.fastq.gz,SINGLE,NA
lola.PJ.GFP_12.24h_embryo_ChIP.seq_Input_Rep2,ftp.sra.ebi.ac.uk/vol1/fastq/SRR116/006/SRR1164456/SRR1164456.fastq.gz,SINGLE,NA
lola.PJ.GFP_12.24h_embryo_ChIP.seq_ChIP_Rep2,ftp.sra.ebi.ac.uk/vol1/fastq/SRR116/008/SRR1164458/SRR1164458.fastq.gz,SINGLE,
dMyc_W3L_ChIP.seq_Input_Rep1,ftp.sra.ebi.ac.uk/vol1/fastq/SRR116/009/SRR1164459/SRR1164459.fastq.gz,SINGLE,NA
dMyc_W3L_ChIP.seq_ChIP_Rep1,ftp.sra.ebi.ac.uk/vol1/fastq/SRR116/001/SRR1164461/SRR1164461.fastq.gz,SINGLE,
Stat92E.GFP_12.24h_embryonic_ChIP.seq_Input_Rep2,ftp.sra.ebi.ac.uk/vol1/fastq/SRR116/004/SRR1164464/SRR1164464.fastq.gz,SINGLE,NA
Su.H._0.8_embryonic_ChIP.seq_Input_Rep1,ftp.sra.ebi.ac.uk/vol1/fastq/SRR116/007/SRR1164467/SRR1164467.fastq.gz,SINGLE,NA
TCF_nonISO1_0.8_embryonic_ChIP.seq_Input_Rep2,ftp.sra.ebi.ac.uk/vol1/fastq/SRR116/008/SRR1164478/SRR1164478.fastq.gz,SINGLE,NA
TCF_nonISO1_0.8_embryonic_ChIP.seq_ChIP_Rep1,ftp.sra.ebi.ac.uk/vol1/fastq/SRR116/009/SRR1164479/SRR1164479.fastq.gz,SINGLE,
TCF_W3L_ChIP.seq_Input_Rep1,ftp.sra.ebi.ac.uk/vol1/fastq/SRR116/001/SRR1164481/SRR1164481.fastq.gz,SINGLE,NA
TCF_W3L_ChIP.seq_Input_Rep2,ftp.sra.ebi.ac.uk/vol1/fastq/SRR116/002/SRR1164482/SRR1164482.fastq.gz,SINGLE,NA
TCF_W3L_ChIP.seq_Input_Rep3,ftp.sra.ebi.ac.uk/vol1/fastq/SRR116/003/SRR1164483/SRR1164483.fastq.gz,SINGLE,NA
TCF_W3L_ChIP.seq_ChIP_Rep3,ftp.sra.ebi.ac.uk/vol1/fastq/SRR116/006/SRR1164486/SRR1164486.fastq.gz,SINGLE,
BEAF.HB.14.16.hr.OR.embryo.D.melanogaster.Input.Rep1,ftp.sra.ebi.ac.uk/vol1/fastq/SRR116/009/SRR1164519/SRR1164519.fastq.gz,SINGLE,NA
BEAF.HB.14.16.hr.OR.embryo.D.melanogaster.ChIP.Rep2,ftp.sra.ebi.ac.uk/vol1/fastq/SRR116/001/SRR1164521/SRR1164521.fastq.gz,SINGLE,
POF.MO.459..3rd.Instar.Larvae.D.melanogaster.Input.Rep1,ftp.sra.ebi.ac.uk/vol1/fastq/SRR116/007/SRR1164527/SRR1164527.fastq.gz,SINGLE,NA
POF.MO.459..3rd.Instar.Larvae.D.melanogaster.Input.Rep2,ftp.sra.ebi.ac.uk/vol1/fastq/SRR116/008/SRR1164528/SRR1164528.fastq.gz,SINGLE,NA
Smc3.Q2580.3rd.Instar.Larvae.D.melanogaster.Input.Rep1,ftp.sra.ebi.ac.uk/vol1/fastq/SRR116/001/SRR1164531/SRR1164531.fastq.gz,SINGLE,NA
H2AV.9751.S2.DRSC.H2AV.RNAi.D.melanogaster.Input.Rep1,ftp.sra.ebi.ac.uk/vol1/fastq/SRR116/005/SRR1164535/SRR1164535.fastq.gz,SINGLE,NA
H2AV.9751.S2.DRSC.H2AV.RNAi.D.melanogaster.ChIP.Rep2,ftp.sra.ebi.ac.uk/vol1/fastq/SRR116/008/SRR1164538/SRR1164538.fastq.gz,SINGLE,
H2AV.9751.S2.DRSC.GFP.RNAi.D.melanogaster.Input.Rep2,ftp.sra.ebi.ac.uk/vol1/fastq/SRR116/000/SRR1164540/SRR1164540.fastq.gz,SINGLE,NA
H2AV.9751.S2.DRSC.GFP.RNAi.D.melanogaster.ChIP.Rep1,ftp.sra.ebi.ac.uk/vol1/fastq/SRR116/001/SRR1164541/SRR1164541.fastq.gz,SINGLE,
H3K36me2.W.ML.DmBG3.c2.D.melanogaster.Input.Rep2,ftp.sra.ebi.ac.uk/vol1/fastq/SRR116/004/SRR1164544/SRR1164544.fastq.gz,SINGLE,NA
Su.H._8.16h_embryo_ChIP.seq_Input_Rep1,ftp.sra.ebi.ac.uk/vol1/fastq/SRR119/000/SRR1198670/SRR1198670.fastq.gz,SINGLE,NA
homothorax_0.8h_embryo_ChIP.seq_Input_Rep2,ftp.sra.ebi.ac.uk/vol1/fastq/SRR119/005/SRR1198675/SRR1198675.fastq.gz,SINGLE,NA
scute_0.8h_embryo_ChIP.seq_ChIP_Rep1,ftp.sra.ebi.ac.uk/vol1/fastq/SRR119/000/SRR1198680/SRR1198680.fastq.gz,SINGLE,
CG16778_0.8h_embryo_ChIP.seq_Input_Rep1,ftp.sra.ebi.ac.uk/vol1/fastq/SRR119/006/SRR1198686/SRR1198686.fastq.gz,SINGLE,NA
CG16778_0.8h_embryo_ChIP.seq_Input_Rep2,ftp.sra.ebi.ac.uk/vol1/fastq/SRR119/007/SRR1198687/SRR1198687.fastq.gz,SINGLE,NA
CG8478_WPP_ChIP.seq_Input_Rep2,ftp.sra.ebi.ac.uk/vol1/fastq/SRR119/001/SRR1198691/SRR1198691.fastq.gz,SINGLE,NA
CG8478_WPP_ChIP.seq_ChIP_Rep1,ftp.sra.ebi.ac.uk/vol1/fastq/SRR119/002/SRR1198692/SRR1198692.fastq.gz,SINGLE,
CNC_16.24.seq_ChIP_Rep1,ftp.sra.ebi.ac.uk/vol1/fastq/SRR119/006/SRR1198696/SRR1198696.fastq.gz,SINGLE,
CNC_AdultFemale.seq_Input_Rep2,ftp.sra.ebi.ac.uk/vol1/fastq/SRR119/009/SRR1198699/SRR1198699.fastq.gz,SINGLE,NA
mod.mdg4._W3L.seq_Input_Rep1,ftp.sra.ebi.ac.uk/vol1/fastq/SRR119/006/SRR1198706/SRR1198706.fastq.gz,SINGLE,NA
mod.mdg4._W3L.seq_Input_Rep2,ftp.sra.ebi.ac.uk/vol1/fastq/SRR119/007/SRR1198707/SRR1198707.fastq.gz,SINGLE,NA
Prd.RF12_0.12.seq_Input_Rep2,ftp.sra.ebi.ac.uk/vol1/fastq/SRR119/001/SRR1198711/SRR1198711.fastq.gz,SINGLE,NA
Prd.RF13_0.12.seq_ChIP_Rep2,ftp.sra.ebi.ac.uk/vol1/fastq/SRR119/007/SRR1198717/SRR1198717.fastq.gz,SINGLE,
psq_WPP.seq_Input_Rep1,ftp.sra.ebi.ac.uk/vol1/fastq/SRR119/008/SRR1198718/SRR1198718.fastq.gz,SINGLE,NA
psq_WPP.seq_ChIP_Rep2,ftp.sra.ebi.ac.uk/vol1/fastq/SRR119/001/SRR1198721/SRR1198721.fastq.gz,SINGLE,
sc_0.12.seq_ChIP_Rep1,ftp.sra.ebi.ac.uk/vol1/fastq/SRR119/004/SRR1198724/SRR1198724.fastq.gz,SINGLE,
sc_0.12.seq_ChIP_Rep2,ftp.sra.ebi.ac.uk/vol1/fastq/SRR119/005/SRR1198725/SRR1198725.fastq.gz,SINGLE,
Sin3A_Kc.seq_ChIP_Rep1,ftp.sra.ebi.ac.uk/vol1/fastq/SRR119/008/SRR1198728/SRR1198728.fastq.gz,SINGLE,
Sin3A_Kc.seq_ChIP_Rep2,ftp.sra.ebi.ac.uk/vol1/fastq/SRR119/009/SRR1198729/SRR1198729.fastq.gz,SINGLE,
Stat92E_WPP.seq_Input_Rep1,ftp.sra.ebi.ac.uk/vol1/fastq/SRR119/000/SRR1198730/SRR1198730.fastq.gz,SINGLE,NA
Stat92E_WPP.seq_Input_Rep2,ftp.sra.ebi.ac.uk/vol1/fastq/SRR119/001/SRR1198731/SRR1198731.fastq.gz,SINGLE,NA
Stat92E_WPP.seq_ChIP_Rep2,ftp.sra.ebi.ac.uk/vol1/fastq/SRR119/003/SRR1198733/SRR1198733.fastq.gz,SINGLE,
Su.Hw._16.24.seq_Input_Rep1,ftp.sra.ebi.ac.uk/vol1/fastq/SRR119/004/SRR1198734/SRR1198734.fastq.gz,SINGLE,NA
Su.Hw._16.24.seq_Input_Rep2,ftp.sra.ebi.ac.uk/vol1/fastq/SRR119/005/SRR1198735/SRR1198735.fastq.gz,SINGLE,NA
Su.Hw._16.24.seq_ChIP_Rep1,ftp.sra.ebi.ac.uk/vol1/fastq/SRR119/006/SRR1198736/SRR1198736.fastq.gz,SINGLE,
Su.Hw._16.24.seq_ChIP_Rep2,ftp.sra.ebi.ac.uk/vol1/fastq/SRR119/007/SRR1198737/SRR1198737.fastq.gz,SINGLE,
Su.Hw._WPP.seq_ChIP_Rep2,ftp.sra.ebi.ac.uk/vol1/fastq/SRR119/001/SRR1198741/SRR1198741.fastq.gz,SINGLE,
Usp_W3L_Input_Rep1,ftp.sra.ebi.ac.uk/vol1/fastq/SRR119/006/SRR1198746/SRR1198746.fastq.gz,SINGLE,NA
Usp_W3L_ChIP_Rep2,ftp.sra.ebi.ac.uk/vol1/fastq/SRR119/009/SRR1198749/SRR1198749.fastq.gz,SINGLE,
USP.GFP_WPP.12.seq_Input_Rep1,ftp.sra.ebi.ac.uk/vol1/fastq/SRR119/000/SRR1198750/SRR1198750.fastq.gz,SINGLE,NA
USP.GFP_WPP.12.seq_ChIP_Rep2,ftp.sra.ebi.ac.uk/vol1/fastq/SRR119/004/SRR1198754/SRR1198754.fastq.gz,SINGLE,
USP.GFP_0.12.seq_Input_Rep2,ftp.sra.ebi.ac.uk/vol1/fastq/SRR119/007/SRR1198757/SRR1198757.fastq.gz,SINGLE,NA
USP.GFP_0.12.seq_ChIP_Rep1,ftp.sra.ebi.ac.uk/vol1/fastq/SRR119/008/SRR1198758/SRR1198758.fastq.gz,SINGLE,
H3K4me3_WPP.seq_Input_Rep1,ftp.sra.ebi.ac.uk/vol1/fastq/SRR119/000/SRR1198760/SRR1198760.fastq.gz,SINGLE,NA
H3K4me3_WPP.seq_ChIP_Rep2,ftp.sra.ebi.ac.uk/vol1/fastq/SRR119/003/SRR1198763/SRR1198763.fastq.gz,SINGLE,
Abd.B.GFP_vMock_W3L_ChIP.seq_ChIP_Rep1,ftp.sra.ebi.ac.uk/vol1/fastq/SRR119/006/SRR1198766/SRR1198766.fastq.gz,SINGLE,
Abd.B.GFP_W3L_ChIP.seq_ChIP_Rep2,ftp.sra.ebi.ac.uk/vol1/fastq/SRR119/001/SRR1198771/SRR1198771.fastq.gz,SINGLE,
CG8478_S2_cells_ChIP.seq_Input_Rep1,ftp.sra.ebi.ac.uk/vol1/fastq/SRR119/002/SRR1198772/SRR1198772.fastq.gz,SINGLE,NA
H3K4me1_S2_cells_ChIP.seq_ChIP_Rep1,ftp.sra.ebi.ac.uk/vol1/fastq/SRR119/002/SRR1198782/SRR1198782.fastq.gz,SINGLE,
H3K4me1_S2_cells_ChIP.seq_ChIP_Rep2,ftp.sra.ebi.ac.uk/vol1/fastq/SRR119/003/SRR1198783/SRR1198783.fastq.gz,SINGLE,
H3K4me1_W3L_ChIP.seq_Input_Rep2,ftp.sra.ebi.ac.uk/vol1/fastq/SRR119/005/SRR1198785/SRR1198785.fastq.gz,SINGLE,NA
H3K4me3_S2_cells_ChIP.seq_ChIP_Rep1,ftp.sra.ebi.ac.uk/vol1/fastq/SRR119/004/SRR1198794/SRR1198794.fastq.gz,SINGLE,
H3K4me3_S2_cells_ChIP.seq_ChIP_Rep2,ftp.sra.ebi.ac.uk/vol1/fastq/SRR119/005/SRR1198795/SRR1198795.fastq.gz,SINGLE,
Hr78.GFP_8.16_embryonic_ChIP.seq_Input_Rep2,ftp.sra.ebi.ac.uk/vol1/fastq/SRR119/007/SRR1198797/SRR1198797.fastq.gz,SINGLE,NA
insv_Kc_cells_ChIP.seq_Input_Rep3,ftp.sra.ebi.ac.uk/vol1/fastq/SRR119/002/SRR1198802/SRR1198802.fastq.gz,SINGLE,NA
insv_Kc_cells_ChIP.seq_ChIP_Rep1,ftp.sra.ebi.ac.uk/vol1/fastq/SRR119/003/SRR1198803/SRR1198803.fastq.gz,SINGLE,
Notch.GFP_W3L_ChIP.seq_ChIP_Rep1,ftp.sra.ebi.ac.uk/vol1/fastq/SRR119/001/SRR1198811/SRR1198811.fastq.gz,SINGLE,
Notch.GFP_W3L_ChIP.seq_ChIP_Rep2,ftp.sra.ebi.ac.uk/vol1/fastq/SRR119/002/SRR1198812/SRR1198812.fastq.gz,SINGLE,
Trl_8.16h_embryonic_ChIP.seq_Input_Rep2,ftp.sra.ebi.ac.uk/vol1/fastq/SRR119/004/SRR1198814/SRR1198814.fastq.gz,SINGLE,NA
Trl_8.16h_embryonic_ChIP.seq_Input_Rep3,ftp.sra.ebi.ac.uk/vol1/fastq/SRR119/005/SRR1198815/SRR1198815.fastq.gz,SINGLE,NA
Trl_8.16h_embryonic_ChIP.seq_ChIP_Rep2,ftp.sra.ebi.ac.uk/vol1/fastq/SRR119/007/SRR1198817/SRR1198817.fastq.gz,SINGLE,
TCF_0.8h_embryo_ChIP.seq_Input_Rep1,ftp.sra.ebi.ac.uk/vol1/fastq/SRR119/002/SRR1198822/SRR1198822.fastq.gz,SINGLE,NA
TCF_0.8h_embryo_ChIP.seq_Input_Rep2,ftp.sra.ebi.ac.uk/vol1/fastq/SRR119/003/SRR1198823/SRR1198823.fastq.gz,SINGLE,NA
TCF_0.8h_embryo_ChIP.seq_ChIP_Rep2,ftp.sra.ebi.ac.uk/vol1/fastq/SRR119/005/SRR1198825/SRR1198825.fastq.gz,SINGLE,
Dfd.GFP_0.8h_embryo_ChIP.seq_ChIP_Rep1,ftp.sra.ebi.ac.uk/vol1/fastq/SRR119/008/SRR1198828/SRR1198828.fastq.gz,SINGLE,
Dfd.GFP_0.8h_embryo_ChIP.seq_ChIP_Rep2,ftp.sra.ebi.ac.uk/vol1/fastq/SRR119/009/SRR1198829/SRR1198829.fastq.gz,SINGLE,
Hr78.GFP.L3.D.melanogaster.Input,ftp.sra.ebi.ac.uk/vol1/fastq/SRR119/000/SRR1199480/SRR1199480.fastq.gz,SINGLE,NA
Hr78.GFP.L3.D.melanogaster.ChIP.Rep1,ftp.sra.ebi.ac.uk/vol1/fastq/SRR119/001/SRR1199481/SRR1199481.fastq.gz,SINGLE,
Hr78.GFP.L3.D.melanogaster.ChIP.Rep2,ftp.sra.ebi.ac.uk/vol1/fastq/SRR119/002/SRR1199482/SRR1199482.fastq.gz,SINGLE,
dMyc.S2.DRSC.late.embryonic.D.melanogaster.ChIP.Rep2,ftp.sra.ebi.ac.uk/vol1/fastq/SRR119/008/SRR1199488/SRR1199488.fastq.gz,SINGLE,
